세부 항목,규제 내용
2.50.1.2,정보시스템과 개인정보 및 중요정보에 접근할 수 있는 사용자 계정 및 접근권한 생성∙등록∙변경 시 직무별 접근권한 분류 체계에 따라 업무상 필요한 최소한의 권한만을 부여하고 있는가? 
2.50.2.1,정보시스템 및 개인정보처리시스템에서 사용자 및 개인정보취급자를 유일하게 구분할 수 있는 식별자를 할당하고 추측 가능한 식별자의 사용을 제한하고 있는가?
2.50.3.1,"정보시스템 및 개인정보처리시스템에 대한 접근은 사용자 인증, 로그인 횟수 제한, 불법 로그인 시도 경고 등 안전한 사용자 인증 절차에 의해 통제하고 있는가?"
2.50.3.2,정보통신망을 통해 외부에서 개인정보처리시스템에 접속하려는 경우에는 법적 요구사항에 따라 안전한 인증수단 또는 안전한 접속수단을 적용하고 있는가?
2.50.4.1,정보시스템에 대한 안전한 사용자 비밀번호 관리절차 및 작성규칙을 수립∙이행하고 있는가?
2.50.4.2,정보주체(이용자)가 안전한 비밀번호를 이용할 수 있도록 비밀번호 작성 규칙을 수립∙이행하고 있는가?
2.50.4.3,개인정보취급자 또는 정보주체의 인증수단을 안전하게 적용하고 관리하고 있는가?
2.50.5.2,특수 목적을 위해 부여한 계정 및 권한을 식별하고 별도의 목록으로 관리하는 등 통제절차를 수립∙이행하고 있는가?
2.50.6.1,정보시스템과 개인정보 및 중요정보에 대한 사용자 계정 및 접근권한 생성∙등록∙부여∙이용∙변경∙말소 등의 이력을 남기고 있는가?
2.60.1.1,조직의 네트워크에 접근할 수 있는 모든 경로를 식별하고 접근통제 정책에 따라 내부 네트워크는 인가된 사용자만이 접근할 수 있도록 통제하고 있는가?
2.60.1.2,"서비스, 사용자 그룹, 정보자산의 중요도, 법적 요구사항에 따라 네트워크 영역을 물리적 또는 논리적으로 분리하고 각 영역간 접근통제를 적용하고 있는가?"
2.60.1.3,네트워크 대역별 IP주소 부여 기준을 마련하고 DB서버 등 외부 연결이 필요하지 않은 경우 사설 IP로 할당하는 등의 대책을 적용하고 있는가?
2.60.2.1,"서버, 네트워크시스템, 보안시스템 등 정보시스템 별 운영체제(OS)에 접근이 허용되는 사용자, 접근 가능 위치, 접근 수단 등을 정의하여 통제하고 있는가?"
0.0.2.2,정보시스템에 접속 후 일정시간 업무처리를 하지 않는 경우 자동으로 시스템 접속이 차단되도록 하고 있는가?
2.60.2.3,정보시스템의 사용목적과 관계없는 서비스를 제거하고 있는가?
2.60.3.1,중요정보 접근을 통제하기 위하여 사용자의 업무에 따라 응용프로그램 접근권한을 차등 부여하고 있는가?
2.60.3.2,"일정 시간동안 입력이 없는 세션은 자동 차단하고, 동일 사용자의 동시 세션 수를 제한하고 있는가?"
2.60.3.3,"관리자 전용 응용프로그램(관리자 웹페이지, 관리콘솔 등)은 비인가자가 접근할 수 없도록 접근을 통제하고 있는가?"
2.60.3.4,개인정보 및 중요정보의 표시제한 보호조치의 일관성을 확보할 수 있도록 관련 기준을 수립하여 적용하고 있는가?
2.60.3.5,"개인정보 및 중요정보의 불필요한 노출(조회, 화면표시, 인쇄, 다운로드 등)을 최소화할 수 있도록 응용프로그램을 구현하여 운영하고 있는가?"
2.60.4.1,데이터베이스의 테이블 목록 등 저장∙관리되고 있는 정보를 식별하고 있는가?
2.60.4.2,"데이터베이스 내 정보에 접근이 필요한 응용프로그램, 정보시스템(서버) 및 사용자를 명확히 식별하고 접근통제 정책에 따라 통제하고 있는가?"
2.60.5.1,"무선네트워크를 업무적으로 사용하는 경우 무선 AP 및 네트워크 구간 보안을 위해 인증, 송수신 데이터 암호화 등 보호대책을 수립∙이행하고 있는가?"
2.60.6.1,인터넷과 같은 외부 네트워크를 통한 정보시스템 원격운영은 원칙적으로 금지하고 장애대응 등 부득이하게 허용하는 경우 보완대책을 마련하고 있는가?
2.60.7.2,주요 정보시스템(DB서버 등)에서 불필요한 외부 인터넷 접속을 통제하고 있는가?
2.60.7.3,관련 법령에 따라 인터넷망 차단 의무가 부과된 경우 대상자를 식별하여 안전한 방식으로 인터넷망 차단 조치를 적용하고 있는가?
2.70.1.1,"개인정보 및 주요정보의 보호를 위하여 법적 요구사항을 반영한 암호화 대상, 암호강도, 암호사용 등이 포함된 암호정책을 수립하고 있는가?"
2.70.1.2,"암호정책에 따라 개인정보 및 주요정보의 저장, 전송, 전달 시 암호화를 수행하고 있는가?"
2.70.2.1,"암호키 생성, 이용, 보관, 배포, 변경, 복구, 파기 등에 관한 절차를 수립∙이행하고 있는가?"
0.0.2.2,암호키는 필요시 복구가 가능하도록 별도의 안전한 장소에 보관하고 암호키 사용에 관한 접근권한을 최소화하고 있는가?
2.80.1.3,정보시스템의 안전한 구현을 위한 코딩 표준을 수립하여 적용하고 있는가?
2.80.2.1,"정보시스템의 도입, 개발, 변경 시 분석 및 설계 단계에서 정의한 보안 요구사항이 효과적으로 적용되었는지를 확인하기 위한 시험을 수행하고 있는가?"
0.0.2.2,정보시스템이 안전한 코딩 기준 등에 따라 안전하게 개발되었는지를 확인하기 위한 취약점 점검이 수행되고 있는가?
2.80.2.3,"시험 및 취약점 점검 과정에서 발견된 문제점이 신속하게 개선될 수 있도록 개선계획 수립, 이행점검 등의 절차를 이행하고 있는가?"
2.80.3.1,정보시스템의 개발 및 시험 시스템을 운영시스템과 분리하고 있는가?
2.80.3.2,"불가피한 사유로 개발과 운영환경의 분리가 어려운 경우 상호검토, 상급자 모니터링, 변경 승인, 책임추적성 확보 등의 보안대책을 마련하고 있는가?"
2.80.4.1,정보시스템의 개발 및 시험 과정에서 실제 운영 데이터의 사용을 제한하고 있는가?
2.80.4.2,"불가피하게 운영데이터를 시험 환경에서 사용할 경우 책임자 승인, 접근 및 유출 모니터링, 시험 후 데이터 삭제 등의 통제 절차를 수립∙이행하고 있는가?"
2.80.5.1,비인가된 자에 의한 소스 프로그램 접근을 통제하기 위한 절차를 수립∙이행하고 있는가?
2.80.5.2,소스 프로그램은 장애 등 비상시를 대비하여 운영환경이 아닌 곳에 안전하게 보관하고 있는가?
2.80.5.3,소스 프로그램에 대한 변경이력을 관리하고 있는가?
2.80.6.1,신규 도입∙개발 및 변경된 시스템을 운영환경으로 안전하게 이관하기 위한 통제 절차를 수립∙이행하고 있는가?
2.80.6.2,운영환경으로의 이관 시 발생할 수 있는 문제에 대한 대응 방안을 마련하고 있는가?
2.90.1.2,정보시스템 관련 자산 변경을 수행하기 전 성능 및 보안에 미치는 영향을 분석하고 있는가?
2.90.2.1,정보시스템의 가용성 보장을 위하여 성능 및 용량을 지속적으로 모니터링 할 수 있는 절차를 수립∙이행하고 있는가?
0.0.2.2,정보시스템 성능 및 용량 요구사항(임계치)을 초과하는 경우에 대한 대응절차를 수립∙이하고 있는가? 
2.90.2.3,정보시스템 장애를 즉시 인지하고 대응하기 위한 절차를 수립∙이행하고 있는가?
2.90.2.4,장애 발생 시 절차에 따라 조치하고 장애조치보고서 등을 통해 장애조치내역을 기록하여 관리하고 있는가?
2.90.2.5,심각도가 높은 장애의 경우 원인분석을 통한 재발방지 대책을 마련하고 있는가?
2.90.4.1,"서버, 응용프로그램, 보안시스템, 네트워크시스템 등 정보시스템에 대한 로그관리 절차를 수립하고 이에 따라 필요한 로그를 생성하여 보관하고 있는가?"
2.90.4.2,"정보시스템의 로그기록은 위∙변조 및 도난, 분실되지 않도록 안전하게 보관하고 로그기록에 대한 접근권한은 최소화하여 부여하고 있는가?"
2.90.4.3,개인정보처리시스템에 대한 접속기록은 법적 요구사항을 준수할 수 있도록 필요한 항목을 모두 포함하여 일정기간 안전하게 보관하고 있는가?
2.90.5.1,"정보시스템 관련 오류, 오∙남용(비인가접속, 과다조회 등), 부정행위 등 이상징후를 인지할 수 있도록 로그 검토 주기, 대상, 방법 등을 포함한 로그 검토 및 모니터링 절차를 수립∙이행하고 있는가?"
2.90.5.2,로그 검토 및 모니터링 결과를 책임자에게 보고하고 이상징후 발견 시 절차에 따라 대응하고 있는가?
2.90.5.3,개인정보처리시스템의 접속기록은 관련 법령에서 정한 주기에 따라 정기적으로 점검하고 있는가?
2.90.6.1,정보시스템의 시간을 표준시간으로 동기화하고 있는가?
2.90.6.2,시간 동기화가 정상적으로 이루어지고 있는지 주기적으로 점검하고 있는가?
2.10.1.1,조직에서 운영하고 있는 보안시스템에 대한 운영절차를 수립∙이행하고 있는가?
2.10.1.2,보안시스템 관리자 등 접근이 허용된 인원을 최소화하고 비인가자의 접근을 엄격하게 통제하고 있는가?
2.10.1.3,"보안시스템별로 정책의 신규 등록, 변경, 삭제 등을 위한 공식적인 절차를 수립∙이행하고 있는가?"
2.10.1.4,"보안시스템의 예외 정책 등록에 대하여 절차에 따라 관리하고 있으며, 예외 정책 사용자에 대하여 최소한의 권한으로 관리하고 있는가?"
2.10.1.5,보안시스템에 설정된 정책의 타당성 여부를 주기적으로 검토하고 있는가?
2.10.1.6,개인정보처리시스템에 대한 불법적인 접근 및 개인정보 유출 방지를 위하여 관련 법령에서 정한 기능을 수행하는 보안시스템을 설치하여 운영하고 있는가?
0.0.2.2,"클라우드 서비스 이용 시 서비스 유형에 따른 보안위험을 평가하여 비인가 접근, 설정오류 등을 방지할 수 있도록 보안 구성 및 설정 기준, 보안설정 변경 및 승인 절차, 안전한 접속방법, 권한 체계 등 보안 통제 정책을 수립∙이행하고 있는가?"
2.10.2.3,"클라우드 서비스 관리자 권한은 역할에 따라 최소화하여 부여하고 관리자 권한에 대한 비인가된 접근, 권한 오남용 등을 방지할 수 있도록 강화된 인증, 암호화, 접근통제, 감사기록 등 보호대책을 적용하고 있는가?"
2.10.2.4,"클라우드 서비스의 보안 설정 변경, 운영 현황 등을 모니터링하고 그 적절성을 정기적으로 검토하고 있는가?"
2.10.3.1,공개서버를 운영하는 경우 이에 대한 보호대책을 수립∙이행하고 있는가?
2.10.3.4,조직의 중요정보가 웹사이트 및 웹서버를 통해 노출되고 있는지 여부를 주기적으로 확인하여 중요정보 노출을 인지한 경우 이를 즉시 차단하는 등의 조치를 취하고 있는가?
2.10.4.2,전자거래 및 핀테크 서비스 제공을 위하여 결제시스템 등 외부 시스템과 연계하는 경우 송∙수신되는 관련 정보의 보호를 위한 대책을 수립∙이행하고 안전성을 점검하고 있는가?
2.10.5.1,외부 조직에 개인정보 및 중요정보를 전송할 경우 안전한 전송 정책을 수립하고 있는가?
2.10.5.2,업무상 조직 간에 개인정보 및 중요정보를 상호교환하는 경우 안전한 전송을 위한 협약체결 등 보호대책을 수립∙이행하고 있는가?
2.10.8.1,"서버, 네트워크시스템, 보안시스템, PC 등 자산별 특성 및 중요도에 따라 운영체제(OS)와 소프트웨어의 패치관리 정책 및 절차를 수립∙이행하고 있는가?"
2.10.8.2,"주요 서버, 네트워크시스템, 보안시스템 등의 경우 설치된 OS, 소프트웨어 패치적용 현황을 주기적으로 관리하고 있는가? "
2.10.8.3,서비스 영향도 등에 따라 취약점을 조치하기 위한 최신의 패치 적용이 어려운 경우 보완대책을 마련하고 있는가?
2.10.8.4,"주요 서버, 네트워크시스템, 보안시스템 등의 경우 공개 인터넷 접속을 통한 패치를 제한하고 있는가?"
2.10.8.5,패치관리시스템을 활용하는 경우 접근통제 등 충분한 보호대책을 마련하고 있는가?
2.10.9.2,백신 소프트웨어 등 보안프로그램을 통하여 최신 악성코드 예방∙탐지 활동을 지속적으로 수행하고 있는가?
2.10.9.3,백신 소프트웨어 등 보안프로그램은 최신의 상태로 유지하고 필요시 긴급 보안업데이트를 수행하고 있는가?
2.10.9.4,악성코드 감염 발견 시 악성코드 확산 및 피해 최소화 등의 대응절차를 수립∙이행하고 있는가?
2.110.2.1,정보시스템 취약점 점검 절차를 수립하고 정기적으로 점검을 수행하고 있는가?
0.0.2.2,발견된 취약점에 대한 조치를 수행하고 그 결과를 책임자에게 보고하고 있는가?
2.110.2.3,최신 보안취약점 발생 여부를 지속적으로 파악하고 정보시스템에 미치는 영향을 분석하여 조치하고 있는가?
2.110.2.4,취약점 점검 이력을 기록관리하여 전년도에 도출된 취약점이 재발생하는 등의 문제점에 대해 보호대책을 마련하고 있는가?
2.110.3.1,"내∙외부에 의한 침해시도, 개인정보 유출 시도, 부정행위 등 이상행위를 탐지할 수 있도록 주요 정보시스템, 응용프로그램, 네트워크, 보안시스템 등에서 발생한 네트워크 트래픽, 데이터 흐름, 이벤트 로그 등을 수집하여 분석 및 모니터링하고 있는가?"
2.110.3.2,"침해시도, 개인정보유출시도, 부정행위 등의 여부를 판단하기 위한 기준 및 임계치를 정의하고 이에 따라 이상행위의 판단 및 조사 등 후속 조치가 적시에 이루어지고 있는가?"
3.10.1.1,"개인정보를 수집하는 경우 정보주체 동의, 법령상 의무준수, 계약 체결∙이행 등 적법 요건에 따라 수집하고 있는가?"
3.10.1.7,정보주체 및 법정대리인에게 동의를 받은 기록을 보관하고 있는가?
3.10.1.8,정보주체의 동의 없이 처리할 수 있는 개인정보에 대해서는 그 항목과 처리의 법적 근거를 정보주체의 동의를 받아 처리하는 개인정보와 구분하여 개인정보 처리방침에 공개하거나 정보주체에게 알리고 있는가?
3.10.2.1,개인정보를 수집하는 경우 그 목적에 필요한 범위에서 최소한의 정보만을 수집하고 있는가?
3.10.3.1,주민등록번호는 명확한 법적 근거가 있는 경우에만 처리하고 있는가?
3.10.3.2,주민등록번호의 수집 근거가 되는 법조항을 구체적으로 식별하고 있는가?
3.10.4.1,민감정보는 정보주체로부터 별도의 동의를 받거나 관련 법령에 근거가 있는 경우에만 처리하고 있는가?
3.10.4.2,고유식별정보(주민등록번호 제외)는 정보주체로부터 별도의 동의를 받거나 관련 법령에 구체적인 근거가 있는 경우에만 처리하고 있는가?
3.10.5.2,공개된 매체 및 장소에서 개인정보를 수집하는 경우 정보주체의 공개 목적∙범위 및 사회 통념상 동의 의사가 있다고 인정되는 범위 내에서만 수집∙이용하고 있는가?
3.10.5.3,"서비스 계약 이행을 위해 필요한 경우로서, 서비스 제공 과정에서 자동수집장치 등에 의해 수집∙생성하는 개인정보의 경우에도 최소수집 원칙을 적용하고 있는가?"
3.10.5.6,정보주체에게 수집 출처에 대해 알린 기록을 해당 개인정보의 파기 시까지 보관∙관리하고 있는가?
3.20.2.1,개인정보를 최신의 상태로 정확하게 유지하기 위한 절차 및 방안을 수립∙이행하고 있는가?
3.20.4.1,개인정보는 최초 수집 시 정보주체로부터 동의받은 목적 또는 법령에 근거한 범위 내에서만 이용∙제공하고 있는가?
3.20.4.2,개인정보처리자로부터 개인정보를 제공받은 경우 제공받은 목적의 범위 내에서만 이용∙제공하고 있는가?
3.20.4.3,개인정보를 수집 목적 또는 개인정보처리자로부터 제공받은 목적의 범위를 초과하여 이용하거나 제공하는 경우 정보주체에게 별도의 동의를 받거나 법적 근거가 있는 경우로 제한하고 있는가?
3.20.5.1,"가명정보를 처리하는 경우 목적 제한, 가명처리 방법 및 기준, 적정성 검토, 재식별 금지 및 재식별 발생 시 조치사항 등 가명정보를 적정하게 처리하기 위한 절차를 수립하고 있는가?"
3.20.5.2,개인정보를 가명처리하여 이용∙제공 시 추가 정보의 사용∙결합 없이는 개인을 알아볼 수 없도록 적정한 수준으로 가명처리를 수행하고 있는가?
3.20.5.3,다른 개인정보처리자와 가명정보를 결합하는 경우 결합전문기관 또는 데이터전문기관을 통해 결합하고 있는가?
3.20.5.4,"가명정보를 처리하는 경우 추가 정보를 삭제 또는 별도로 분리하여 보관∙관리, 관련 기록의 작성∙보관 등 안전성 확보에 필요한 기술적∙관리적 및 물리적 조치를 하고 있는가?"
3.20.5.5,"가명정보 처리목적 등을 고려하여 가명정보의 처리 기간을 적정한 기간으로 정하고 있으며, 해당 기간이 경과한 경우 지체 없이 파기하고 있는가?"
3.20.5.6,개인정보를 익명처리하는 경우 시간∙비용∙기술 등을 합리적으로 고려할 때 다른 정보를 사용하여도 더 이상 특정 개인을 알아볼 수 없도록 적정한 수준으로 익명처리하고 있는가?
3.30.4.4,개인정보를 국외로 이전하는 경우 개인정보 보호를 위해 필요한 조치를 취하고 있는가?
3.40.1.1,개인정보의 보유기간 및 파기와 관련된 내부 정책을 수립하고 있는가?
3.40.1.2,개인정보의 처리목적이 달성되거나 보유기간이 경과한 경우 지체 없이 해당 개인정보를 파기하고 있는가?
3.40.1.3,개인정보를 파기할 때에는 복구∙재생되지 않도록 안전한 방법으로 파기하고 있는가?
3.40.1.4,개인정보 파기에 대한 기록을 남기고 관리하고 있는가?
3.40.2.1,"개인정보의 보유기간 경과 또는 처리목적 달성 후에도 관련 법령 등에 따라 파기하지 아니하고 보존하는 경우, 관련 법령에 따른 최소한의 기간으로 한정하여 최소한의 정보만을 보존하도록 관리하고 있는가?"
0.0.2.2,개인정보의 보유기간 경과 또는 처리목적 달성 후에도 관련 법령 등에 따라 파기하지 아니하고 보존하는 경우 해당 개인정보 또는 개인정보파일을 다른 개인정보와 분리하여 저장∙관리하고 있는가?
3.40.2.3,분리 보관하고 있는 개인정보에 대하여 법령에서 정한 목적 범위 내에서만 처리 가능하도록 관리하고 있는가?
3.40.2.4,분리 보관하고 있는 개인정보에 대하여 접근권한을 최소한의 인원으로 제한하고 있는가?
3.50.2.3,정보주체 또는 그 대리인이 개인정보 수집∙이용∙제공 등의 동의를 철회하는 경우 지체 없이 수집된 개인정보를 파기하는 등 필요한 조치를 취하고 있는가?
제23조 민감정보의 처리 제한,"①개인정보처리자는 사상ㆍ신념, 노동조합ㆍ정당의 가입ㆍ탈퇴, 정치적 견해, 건강, 성생활 등에 관한 정보, 그 밖에 정보주체의 사생활을 현저히 침해할 우려가 있는 개인정보로서 대통령령으로 정하는 정보(이하 “민감정보”라 한다)를 처리하여서는 아니 된다. 다만, 다음 각 호의 어느 하나에 해당하는 경우에는 그러하지 아니하다. <개정 2016. 3. 29.>

② 개인정보처리자가 제1항 각 호에 따라 민감정보를 처리하는 경우에는 그 민감정보가 분실ㆍ도난ㆍ유출ㆍ위조ㆍ변조 또는 훼손되지 아니하도록 제29조에 따른 안전성 확보에 필요한 조치를 하여야 한다. <신설 2016. 3. 29.>

③ 개인정보처리자는 재화 또는 서비스를 제공하는 과정에서 공개되는 정보에 정보주체의 민감정보가 포함됨으로써 사생활 침해의 위험성이 있다고 판단하는 때에는 재화 또는 서비스의 제공 전에 민감정보의 공개 가능성 및 비공개를 선택하는 방법을 정보주체가 알아보기 쉽게 알려야 한다. <신설 2023. 3. 14.>"
제24조 고유식별정보의 처리 제한,"① 개인정보처리자는 다음 각 호의 경우를 제외하고는 법령에 따라 개인을 고유하게 구별하기 위하여 부여된 식별정보로서 대통령령으로 정하는 정보(이하 “고유식별정보”라 한다)를 처리할 수 없다.

② 삭제 <2013. 8. 6.>

③ 개인정보처리자가 제1항 각 호에 따라 고유식별정보를 처리하는 경우에는 그 고유식별정보가 분실ㆍ도난ㆍ유출ㆍ위조ㆍ변조 또는 훼손되지 아니하도록 대통령령으로 정하는 바에 따라 암호화 등 안전성 확보에 필요한 조치를 하여야 한다. <개정 2015. 7. 24.>

④ 보호위원회는 처리하는 개인정보의 종류ㆍ규모, 종업원 수 및 매출액 규모 등을 고려하여 대통령령으로 정하는 기준에 해당하는 개인정보처리자가 제3항에 따라 안전성 확보에 필요한 조치를 하였는지에 관하여 대통령령으로 정하는 바에 따라 정기적으로 조사하여야 한다. <신설 2016. 3. 29., 2017. 7. 26., 2020. 2. 4.>

⑤ 보호위원회는 대통령령으로 정하는 전문기관으로 하여금 제4항에 따른 조사를 수행하게 할 수 있다. <신설 2016. 3. 29., 2017. 7. 26., 2020. 2. 4.>"
제24조의2 주민등록번호 처리의 제한,"① 제24조제1항에도 불구하고 개인정보처리자는 다음 각 호의 어느 하나에 해당하는 경우를 제외하고는 주민등록번호를 처리할 수 없다. <개정 2014. 11. 19., 2016. 3. 29., 2017. 7. 26., 2020. 2. 4.>

② 개인정보처리자는 제24조제3항에도 불구하고 주민등록번호가 분실ㆍ도난ㆍ유출ㆍ위조ㆍ변조 또는 훼손되지 아니하도록 암호화 조치를 통하여 안전하게 보관하여야 한다. 이 경우 암호화 적용 대상 및 대상별 적용 시기 등에 관하여 필요한 사항은 개인정보의 처리 규모와 유출 시 영향 등을 고려하여 대통령령으로 정한다. <신설 2014. 3. 24., 2015. 7. 24.>

③ 개인정보처리자는 제1항 각 호에 따라 주민등록번호를 처리하는 경우에도 정보주체가 인터넷 홈페이지를 통하여 회원으로 가입하는 단계에서는 주민등록번호를 사용하지 아니하고도 회원으로 가입할 수 있는 방법을 제공하여야 한다. <개정 2014. 3. 24.>

④ 보호위원회는 개인정보처리자가 제3항에 따른 방법을 제공할 수 있도록 관계 법령의 정비, 계획의 수립, 필요한 시설 및 시스템의 구축 등 제반 조치를 마련ㆍ지원할 수 있다."
제28조 개인정보취급자에 대한 감독,"① 개인정보처리자는 개인정보를 처리함에 있어서 개인정보가 안전하게 관리될 수 있도록 임직원, 파견근로자, 시간제근로자 등 개인정보처리자의 지휘ㆍ감독을 받아 개인정보를 처리하는 자(이하 “개인정보취급자”라 한다)의 범위를 최소한으로 제한하고, 개인정보취급자에 대하여 적절한 관리ㆍ감독을 하여야 한다. <개정 2023. 3. 14.>

② 개인정보처리자는 개인정보의 적정한 취급을 보장하기 위하여 개인정보취급자에게 정기적으로 필요한 교육을 실시하여야 한다."
제28조의2 가명정보의 처리 등,"① 개인정보처리자는 통계작성, 과학적 연구, 공익적 기록보존 등을 위하여 정보주체의 동의 없이 가명정보를 처리할 수 있다.

② 개인정보처리자는 제1항에 따라 가명정보를 제3자에게 제공하는 경우에는 특정 개인을 알아보기 위하여 사용될 수 있는 정보를 포함해서는 아니 된다."
제28조의4 가명정보에 대한 안전조치의무 등,① 개인정보처리자는 제28조의2 또는 제28조의3에 따라 가명정보를 처리하는 경우에는 원래의 상태로 복원하기 위한 추가 정보를 별도로 분리하여 보관ㆍ관리하는 등 해당 정보가 분실ㆍ도난ㆍ유출ㆍ위조ㆍ변조 또는 훼손되지 않도록 대통령령으로 정하는 바에 따라 안전성 확보에 필요한 기술적ㆍ관리적 및 물리적 조치를 하여야 한다. <개정 2023. 3. 14.>
제28조의4 가명정보에 대한 안전조치의무 등,② 개인정보처리자는 제28조의2 또는 제28조의3에 따라 가명정보를 처리하는 경우 처리목적 등을 고려하여 가명정보의 처리 기간을 별도로 정할 수 있다. <신설 2023. 3. 14.>
제28조의4 가명정보에 대한 안전조치의무 등,"③ 개인정보처리자는 제28조의2 또는 제28조의3에 따라 가명정보를 처리하고자 하는 경우에는 가명정보의 처리 목적, 제3자 제공 시 제공받는 자, 가명정보의 처리 기간(제2항에 따라 처리 기간을 별도로 정한 경우에 한한다) 등 가명정보의 처리 내용을 관리하기 위하여 대통령령으로 정하는 사항에 대한 관련 기록을 작성하여 보관하여야 하며, 가명정보를 파기한 경우에는 파기한 날부터 3년 이상 보관하여야 한다."
제28조의5 가명정보 처리 시 금지의무 등,"① 제28조의2 또는 제28조의3에 따라 가명정보를 처리하는 자는 특정 개인을 알아보기 위한 목적으로 가명정보를 처리해서는 아니 된다. <개정 2023. 3. 14.>

② 개인정보처리자는 제28조의2 또는 제28조의3에 따라 가명정보를 처리하는 과정에서 특정 개인을 알아볼 수 있는 정보가 생성된 경우에는 즉시 해당 정보의 처리를 중지하고, 지체 없이 회수ㆍ파기하여야 한다."
제28조의8 개인정보의 국외 이전,"① 개인정보처리자는 개인정보를 국외로 제공(조회되는 경우를 포함한다)ㆍ처리위탁ㆍ보관(이하 이 절에서 “이전”이라 한다)하여서는 아니 된다. 다만, 다음 각 호의 어느 하나에 해당하는 경우에는 개인정보를 국외로 이전할 수 있다.

② 개인정보처리자는 제1항제1호에 따른 동의를 받을 때에는 미리 다음 각 호의 사항을 정보주체에게 알려야 한다.

③ 개인정보처리자는 제2항 각 호의 어느 하나에 해당하는 사항을 변경하는 경우에는 정보주체에게 알리고 동의를 받아야 한다.

④ 개인정보처리자는 제1항 각 호 외의 부분 단서에 따라 개인정보를 국외로 이전하는 경우 국외 이전과 관련한 이 법의 다른 규정, 제17조부터 제19조까지의 규정 및 제5장의 규정을 준수하여야 하고, 대통령령으로 정하는 보호조치를 하여야 한다.

⑤ 개인정보처리자는 이 법을 위반하는 사항을 내용으로 하는 개인정보의 국외 이전에 관한 계약을 체결하여서는 아니 된다.

⑥ 제1항부터 제5항까지에서 규정한 사항 외에 개인정보 국외 이전의 기준 및 절차 등에 필요한 사항은 대통령령으로 정한다."
제30조(인공지능 안전성ㆍ신뢰성 검ㆍ인증등 지원),③ 인공지능사업자가 고영향 인공지능을 제공하는 경우 사전에 검ㆍ인증등을 받도록 노력하여야 한다.
제30조(인공지능 안전성ㆍ신뢰성 검ㆍ인증등 지원),④ 국가기관등이 고영향 인공지능을 이용하려는 경우에는 검ㆍ인증등을 받은 인공지능에 기반한 제품 또는 서비스를 우선적으로 고려하여야 한다.
제32조(인공지능 안전성 확보 의무),"① 인공지능사업자는 학습에 사용된 누적 연산량이 대통령령으로 정하는 기준 이상인 인공지능시스템의 안전성을 확보하기 위하여 다음 각 호의 사항을 이행하여야 한다.
1. 인공지능 수명주기 전반에 걸친 위험의 식별ㆍ평가 및 완화
2. 인공지능 관련 안전사고를 모니터링하고 대응하는 위험관리체계 구축"
제32조(인공지능 안전성 확보 의무),② 인공지능사업자는 제1항 각 호에 따른 사항의 이행 결과를 과학기술정보통신부장관에게 제출하여야 한다.
제32조(인공지능 안전성 확보 의무),③ 과학기술정보통신부장관은 제1항 각 호에 따른 사항의 구체적인 이행 방식 및 제2항에 따른 결과 제출 등에 필요한 사항을 정하여 고시하여야 한다.
제33조(고영향 인공지능의 확인),"① 인공지능사업자는 인공지능 또는 이를 이용한 제품ㆍ서비스를 제공하는 경우 그 인공지능이 고영향 인공지능에 해당하는지에 대하여 사전에 검토하여야 하며, 필요한 경우 과학기술정보통신부장관에게 고영향 인공지능에 해당하는지 여부의 확인을 요청할 수 있다."
제34조(고영향 인공지능과 관련한 사업자의 책무),"① 인공지능사업자는 고영향 인공지능 또는 이를 이용한 제품ㆍ서비스를 제공하는 경우 고영향 인공지능의 안전성ㆍ신뢰성을 확보하기 위하여 다음 각 호의 내용을 포함하는 조치를 대통령령으로 정하는 바에 따라 이행하여야 한다.
1. 위험관리방안의 수립ㆍ운영
2. 기술적으로 가능한 범위에서의 인공지능이 도출한 최종결과, 인공지능의 최종결과 도출에 활용된 주요 기준, 인공지능의 개발ㆍ활용에 사용된 학습용데이터의 개요 등에 대한 설명 방안의 수립ㆍ시행
3. 이용자 보호 방안의 수립ㆍ운영
4. 고영향 인공지능에 대한 사람의 관리ㆍ감독
5. 안전성ㆍ신뢰성 확보를 위한 조치의 내용을 확인할 수 있는 문서의 작성과 보관
6. 그 밖에 고영향 인공지능의 안전성ㆍ신뢰성 확보를 위하여 위원회에서 심의ㆍ의결된 사항"
제35조(고영향 인공지능 영향평가),인공지능사업자가 고영향 인공지능을 이용한 제품 또는 서비스를 제공하는 경우 사전에 사람의 기본권에 미치는 영향을 평가(이하 “영향평가”라 한다)하기 위하여 노력하여야 한다. 국가기관등이 고영향 인공지능을 이용한 제품 또는 서비스를 이용하려는 경우에는 영향평가를 실시한 제품 또는 서비스를 우선적으로 고려하여야 한다.
제5조. 개인정보의 처리 원칙," 모든 개인정보의 처리는 합법적이고 공정해야 한다.

본인과 관련된 개인정보가 수집, 이용, 참조되거나 기타 방식으로 처리된다는 사실, 그리고 그 개인정보가 처리되거나 처리될 범위를 해당 개인에게 투명하게 알려야 한다.

이러한 투명성 원칙은 개인정보 처리와 관련하여 행하는 정보 제공(information) 및 의사소통(communication) 일체가 용이하고 이해하기 쉬우며 명확하고 평이한 언어로 행해지도록 요구한다.

투명성 원칙은 정보주체에게 제공되는 컨트롤러의 신원과 처리 목적에 대한 정보 및 해당 개인에 대한 공정하고 투명한 처리를 보장하기 위한 추가 정보, 그리고 본인에 관해 처리 중인 개인정보를 확인하고 전달받을 수 있는 개인의 권리에 관련된다.

개인은 개인정보 처리와 관련한 위험성, 규칙, 안전징치와 권리 및 그 권리를 행사하는 방식에 대해서 인지할 수 있어야 한다.

특히 개인정보가 처리되는 특정한 목적은 명백하고 적법하여야 하고, 해당 개인정보의 수집 당시에 결정되어야 한다.

개인정보는 처리 목적에 적합하고, 관련되며 그에 필요한 정도로 제한되어야 한다.

이는 특히 개인정보의 보관기관이 최소한으로 제한되도록 요구한다.

개인정보는 처리 목적이 여타 수단에 의해서는 합리적으로 성취될 수 없는 경우에 한하여 처리 될 수 있다.

컨트롤러는 개인정보가 필요 이상으로 보관되지 않도록 기간을 정해 삭제 또는 주기적 검토가 이루어지도록 해야 한다.

모든 적정 조치를 취해 부정확한 개인정보가 수정 또는 삭제되도록 해야 한다.

개인정보는 개인정보 및 그 처리에 사용되는 장비에 무단으로 접근하거나 사용하는 것을 방지하는 등 적절한 안정과 기밀성을 보장하는 방식으로 처리되어야 한다."
제9조. 특별 범주의 개인정보 처리,"1. 인종 또는 민족, 정치적 견해, 종교적 또는 철학적 신념, 노동조합의 가입여부를 나타내는 개인정보의 처리와 유전자 정보, 자연인을 고유하게 식별할 목적의 생체정보, 건강정보, 성생활 또는 성적 취향에 관한 정보의 처리는 금지된다.

2. 다음 각 호의 하나에 해당하는 경우 제1항은 적용되지 않는다.

(a) 정보주체가 단일 또는 복수의 특정한 목적으로 특별 범주의 개인정보를 처리하는 데 명백한 동의를 제공한 경우. 단, 유럽연합 또는 회원국 법률이 정보주체가 제1항의 금지조항을 무효화할 수 없다고 명시적으로 규정하는 경우는 제외된다.

(b) 고용, 사회보장, 사회보호법 분야에서 컨트롤러나 정보주체의 의무를 이행하고 특정 권리를 행사하기 위한 목적으로 처리가 필요한 경우. 단, 그 처리는 유럽연합 또는 회원국 법률이나 정보주체의 기본적 권리 및 이익에 대한 적절한 안전조치를 규정하는 회원국 법률에 따라 체결된 단체협약에 의해 승인되어야 한다.

(c) 정보주체가 신체적으로 또는 법률적으로 동의를 제공할 수 없는 경우로서 정보주체 또는 제3자의 생명의 이익을 보호하는 데 처리가 필요한 경우

(d) 정치적, 철학적, 종교적 또는 노동조합의 목적을 지닌 재단, 협회, 기타 비영리기관이 적절한 안전조치를 갖추어 수행하는 합법적인 활동의 과정에서 개인정보를 처리하는 경우로서, 해당 처리가 그 목적에 맞게 관련 기관의 회원 또는 이전 회원 또는 관련 기관과 정기적으로 접촉하는 자에 한하여 이루어지고, 정보주체의 동의 없이 이러한 개인정보를 기관 외부에 제공하지 않는다는 조건에 따라 수행되는 경우

(e) 정보주체가 명백히 공개한 개인정보와 관련된 처리인 경우

(f) 법적 권리의 확립, 행사, 방어를 위하거나 법원이 사법권을 행사할 때마다 처리가 필요한 경우

(g) 추구하는 목표에 비례하도록 유럽연합 또는 회원국 법률에 근거하여 상당한 공익상의 이유로 처리가 필요한 경우와 개인정보 보호권의 본질을 존중하고 정보주체의 기본적 권리 및 이익을 보호하기 위해 적절하고 구체적인 조치를 제공하는 경우

(h) 예방의학 또는 직업의학의 목적으로 처리가 필요한 경우 및 피고용인의 업무능력 평가, 의학적 진단, 의료서비스 또는 사회복지 또는 치료의 제공, 또는 유럽연합 또는 회원국 법률에 근거하거나 의료전문가와의 계약에 의거하고 제3항의 조건 및 안전조치에 따라 의료 또는 사회복지 제도나 서비스의 관리를 위해 처리가 필요한 경우

(i) 회원국 간의 중대한 건강 위협으로부터 보호하거나 의료서비스•의약품•의료장비의 높은 품질과 안정성을 보장하는 등 공중보건 분야에서 공익상의 이유로, 특히 직무상의 기밀 등 정보주체의 권리와 자유를 보호하기 위해 적절하고 구체적인 조치를 규정하는 유럽연합 또는 회원국 법률에 근거하여 처리가 필요한 경우

(j) 추구하는 목적에 비례하고, 개인정보 보호권의 본질을 존중하며, 정보주체의 기본적 권리 및 이익을 보호하기 위해 적절하고 구체적인 조치를 제공하는 유럽연합 또는 회원국 법률에 근거하여, 제89조(1)에 따라 공익적 기록보존 목적, 과학적 또는 역사적 연구 목적, 또는 통계적 목적을 위해 처리가 필요한 경우.
  
3. 제1항의 개인정보는 제2항 (h)호의 목적을 위해 처리될 수 있는데, 유럽연합 또는 회원국 법률이나 관련 국가기관이 제정한 규정에 따라 직무상 기밀 유지의 의무가 있는 전문가의 책임에 의하거나 책임 하에서 해당 개인정보가 처리되는 경우나, 유럽연합 또는 회원국 법률이나 관련 국가기관이 수립한 규정에 따라 기밀 유지의 의무가 있는 제3자에 의해 해당 개인정보가 처리되는 경우와 같은 때이다.

4. 회원국은 유전정보, 생체정보 또는 건강에 관한 정보에 대하여 제한 등의 추가 조건을 유지하거나 도입할 수 있다"
제16조. 정정권,"정보주체는 본인에 관하여 부정확한 개인정보를 부당한 지체 없이 정정하도록 컨트롤러에게 요구할 권리를 가진다. 정보주체는 처리목적을 참작하여 추가 진술을 제공할 수단을 통하는 등, 불완전한 개인정보를 보완할 권리를 가진다."
제17조. 삭제권('잊힐 권리'),"1. 정보주체는 본인에 관한 개인정보를 부당한 지체 없이 삭제하도록 컨트롤러에게 요청할 권리를 가지며, 컨트롤러는 다음 각 호가 적용되는 경우, 부당한 지체 없이 개인정보를 삭제할 의무를 가진다.
(a) 개인정보가 수집된, 그렇지 않으면 처리된 목적에 더 이상 필요하지 않은 경우
(b) 정보주체가 제6조(1)의 (a)호 또는 제9조(2)의 (a)호에 따라 처리의 기반이 되는 동의를 철회하고, 해당 처리에 대한 기타의 법적 근거가 없는 경우 
(c) 정보주체가 제21조(1)에 따라 처리에 반대하고 관련 처리에 대해 우선하는 정당한 근거가 없거나, 정보주체가 제21조(2)에 따라 처리에 반대하는 경우
(d) 개인정보가 불법적으로 처리된 경우
(e) 컨트롤러에 적용되는 유럽연합 또는 회원국 법률의 법적 의무를 준수하기 위해 개인정보가 삭제되어야 하는 경우
(f) 제8조(1)에 규정된 정보사회서비스의 제공과 관련하여 개인정보가 수집된 경우 
2. 컨트롤러가 개인정보를 공개하고 제1항에 따라 해당 개인정보를 삭제할 의무가 있는 경우, 컨트롤러는 가용 기술과 시행 비용을 참작하여 개인정보를 처리하는 컨트롤러에게 정보주체가 그 같은 컨트롤러들에게 해당 개인정보에 대한 링크, 사본 또는 복제본의 삭제를 요청하였음을 고지하기 위한 기술적 조치 등, 적절한 조치를 취해야 한다.
3. 제1항 및 제2항은 다음 각 호를 위해 개인정보의 처리가 필요한 경우에는 적용되지 않는다. 
(a) 표현과 정보의 자유에 대한 권리의 행사
(b) 컨트롤러에 적용되는 유럽연합 또는 회원국 법률의 법적 의무를 준수하는데 처리가 요구되는 경우 또는, 공익을 위해서 또는 컨트롤러에게 부여된 공적 권한을 행사하여 업무를 수행하는 경우
(c) 제9조(3)뿐만 아니라 제9조(2)의 (h)호 및 (i)호에 따른 공중보건 분야의 공익상의 이유인 경우
(d) 제89조(1)에 따른 공익적 기록보존 목적, 과학적 또는 역사적 연구 목적, 또는 통계적 목적에 해당하는 경우로서, 제1항의 권리가 그 처리의 목적 달성을 불가능하게 하거나 중대하게 손상시킬 것으로 예상되는 경우
(e) 법적 권리의 확립, 행사 또는 방어를 위한 경우"
제24조. 주제 및 목적,"컨트롤러는 개인정보의 처리가 자연인의 권리 및 자유에 미치는 위험의 다양한 가능성 및 정도와 함께 최신 기술, 실행 비용, 그리고 처리의 성격, 범위, 상황 및 목적을 고려하여, 그 처리가 본 규정에 따라 이루어졌음을 보장하고 입증할 수 있도록 적절한 기술 및 관리적 조치를 취해야 한다."
제24조. 주제 및 목적,"처리활동과 관련하여 비례하는 경우, 제1항의 조치는 컨트롤러의 적절한 개인정보보호 정책의 이행을 포함해야 한다."
제25조. 설계 및 기본설정에 의한 개인정보 보호,"1. 컨트롤러는 개인정보의 처리가 자연인의 권리 및 자유에 미치는 위험의 다양한 가능성 및 정도와 함께 최신 기술, 실행 비용, 그리고 처리의 성격, 범위, 상황 및 목적을 고려하여, 가명처리 등의 기술 및 관리적 조치를 개인정보의 처리 방법을 결정한 시점 및 그 처리가 이루어지는 해당 시점에 이행해야 한다. 그러한 기술적 및 관리적 조치는 본 규정의 요건을 충족시키고 정보주체의 권리를 보호하기 위해 데이터 최소화 등 개인정보 보호원칙을 효율적으로 이행하고 필요한 안전조치를 개인정보 처리에 통합할 수 있도록 설계되어야 한다."
제25조. 설계 및 기본설정에 의한 개인정보 보호,"2. 컨트롤러는 기본설정을 통해 각 특정 처리 목적에 필요한 개인정보만 처리되도록 적절한 기술적 및 관리적 조치를 이행해야 한다. 그 의무는 수집되는 개인정보의 양, 그 처리 정도, 보관기관 및 이용가능성에 적용된다. 특히, 그러한 조치는 기본설정을 통해 개인정보가 관련 개인의 개입 없이 불특정 다수에게 열람되지 않도록 한다."
제29조. 컨트롤러 및 프로세서의 권한에 따른 처리,"프로세서, 그리고 컨트롤러나 프로세서의 권한에 따라 행하는 자로서 개인정보를 열람할 수 있는 자는 유럽연합 또는 회원국 법률로 요구되는 경우가 아니라면 컨트롤러의 지시에 따른 경우를 제외하고 해당 개인정보를 처리해서는 안 된다."
제30조. 처리 활동의 기록,"1. 각 컨트롤러와, 해당하는 경우, 그 컨트롤러의 대리인은 본인의 책임 하에 진행되는 처리 활동의 기록을 보존해야 한다. 해당 기록은 다음 각 호의 정보를 포함해야 한다.
(a) 컨트롤러와, 해당하는 경우, 공동 컨트롤러, 컨트롤러의 대리인 및 데이터보호담당관의 이름 및 연락처
(b) 처리의 목적
(c) 정보주체의 범주 및 개인정보의 범주에 대한 설명
(d) 제3국 또는 국제기구의 수령인 등, 개인정보를 제공받았거나 제공받을 예정인 수령인의 범주
(e) 해당하는 경우, 제3국 및 국제기구의 신원 확인 등, 제3국 또는 국제기구로의 개인정보 이전 및 제49조(1)의 2호에 규정된 이전의 경우에는 적절한 안전조치에 대한 문서
(f) 가능한 경우, 각기 다른 범주의 정보를 삭제하는 데 예상되는 기한
(g) 가능한 경우, 제32조(1)에 규정된 기술 및 관리적 안전조치에 대한 전반적인 설명"
제30조. 처리 활동의 기록,"2. 각 프로세서, 그리고 해당하는 경우 관련 프로세서의 대리인은 컨트롤러를 대신하여 수행하는 전 범주의 처리활동에 대한 기록을 보존해야 하며, 해당 기록은 다음 각 호의 정보를 포함해야 한다.
(a) 관련 프로세서(들) 및 프로세서가 대행하는 각 컨트롤러의 이름과 연락처, 그리고 해당하는 경우, 컨트롤러와 프로세서의 대리인 및 데이터보호담당관의 이름과 연락처
(b) 각 컨트롤러를 대신하여 수행하는 처리의 범주
(c) 해당하는 경우, 제3국 및 국제기구의 신원 확인 등, 제3국 또는 국제기구로의 개인정보 이전 및 제49조(1)의 2호에 규정된 이전의 경우에는 적절한 안전조치에 대한 문서
(d) 가능한 경우, 제32조(1)에 규정된 기술 및 관리적 안전조치에 대한 전반적인 설명"
제32조. 처리의 보안,"1. 컨트롤러와 프로세서는 개인정보의 처리가 자연인의 권리 및 자유에 미치는 위험의 다양한 가능성 및 정도와 함께 최신 기술, 실행 비용, 그리고 처리의 성격, 범위, 상황 및 목적을 고려하여, 해당 위험에 적정한 보안 수준을 보장하기 위해 특히 다음 각 호 등을 포함하여 적정한 기술 및 관리적 조치를 이행해야 한다.
(a) 개인정보의 가명처리 및 암호처리
(b) 처리 시스템 및 서비스의 지속적인 기밀성과 무결성, 가용성, 복원력을 보장할 수 있는 역량
(c) 물리적 또는 기술적 사고가 발생하는 경우 개인정보에 대한 가용성 및 열람을 시의 적절하게 복원 할 수 있는 역량
(d) 처리의 보안을 보장하는 기술 또는 관리적 조치의 효율성을 정기적으로 테스트 및 평가하기 위한 절차"
제32조. 처리의 보안,"2. 보안의 적정 수준을 평가할 때는 처리로 인해 발생하는 위험성, 특히 이전, 저장 또는 다른 방식으로 처리된 개인정보에 대한 우발적 또는 불법적 파기, 유실, 변경, 무단 제공, 무단 열람에 대해 고려해야 한다."
제32조. 처리의 보안,4. 컨트롤러와 프로세서는 컨트롤러나 프로세서의 권한에 따라 개인정보를 열람하는 모든 자연인이 유럽연합 또는 회원국 법률로 요구되는 것이 아니라면 컨트롤러의 지시에 따른 경우를 제외하고는 개인정보를 처리하지 못하도록 해야 한다.
제82조. 보상 권리 및 책임,데이터 처리에 관여하는 컨트롤러는 본 규정을 침해하는 정보처리로 초래된 피해에 대하여 책임을 져야 한다. 프로세서는 프로세서들에게 구체적으로 지시된 본 규정의 의무사항을 준수하지 않은 경우 또는 컨트롤러의 합법적 지시를 벗어나거나 그 지시에 반대되는 행동을 한 경우에 한하여 데이터 처리로 초래된 피해에 대하여 책임을 져야 한다.
제82조. 보상 권리 및 책임,"피해를 초래한 사건에 대하여 어떠한 식으로도 책임이 없음을 증명할 경우, 컨트롤러 또는 프로세서는 제2항에 의거한 책임에서 면제된다."
제83조. 행정 과태료 부과에 관한 일반 조건,"행정 과태료는 각 개별 사례의 정황에 따라 제58조(2)의 (a)-(h)호 및 (j)호에 언급된 조치에 추가로 부과되거나 그 대신 부과되어야 한다. 각 개별 사례에서 행정 과태료 부과 여부를 결정하거나 행정 과태료 액수를 결정할 때 다음 사항을 면밀히 고려해야 한다.

(a) 관련 데이터 처리의 성격, 범위 또는 목적을 고려한 침해의 성격, 중대성 및 기간, 그리고 영향을 받은 정보주체의 수와 피해 정도

(b) 고의적이거나 태만한 침해 특성

(c) 정보주체가 입은 피해를 완화하기 위해 컨트롤러나 프로세서가 취한 조치

(d) 제25조 및 제32조에 의거하여 컨트롤러 또는 프로세서가 이행한 기술 및 관리적 대책을 고려한 컨트롤러 또는 프로세서의 책임의 정도

(e) 컨트롤러 또는 프로세서의 이전의 관련 침해건

(f) 침해를 구제하고 침해의 악영향을 완화하기 위한 감독기관과의 협력 수준

(g) 침해로 영향을 받은 개인정보의 범주

(h) 컨트롤러 또는 프로세서가 침해를 통보했는지 여부 및 그런 경우 통보의 정도 등 침해 사실이 감독기관에 알려지게 된 방식

(i) 동일한 사안에 대하여 관련 컨트롤러나 프로세서에 제58조(2)의 조치를 사전에 명한 경우, 해당 조치의 준수 여부

(j) 제40조에 따른 공인 행동강령 또는 제42조에 따른 공인 인증 메커니즘의 준수

(k) 침해를 통해 직접 또는 간접적으로 획득한 재정적 이익이나 회피한 손실과 같이, 해당 사례의 정황에 적용 가능한 기타의 악화 또는 완화 요인"
제87조. 국가 식별번호의 처리,회원국은 국가마다의 식별번호나 일반적으로 적용되는 기타 식별자의 처리에 대해 구체적인 조건을 추가로 결정할 수 있다. 그 같은 경우 국가마다의 식별번호나 일반적으로 적용되는 기타 식별자는 본 규정에 따른 정보주체의 권리 및 자유를 위한 적절한 안전조치가 있는 경우에 한해서만 활용되어야 한다.
제88조. 고용 환경에서의 처리,"그 같은 규정에는 특히 데이터 처리의 투명성과 공동 경제활동에 종사하는 사업체 또는 기업 집단 내에서 이루어지는 데이터 이전, 직장에서의 모니터링 시스템과 관련하여 정보주체의 존엄성과 정당한 이익 및 기본권을 보호하는데 적절하고 구체적인 대책이 포함되어야 한다. 
-> 직원들의 개인정보에 대해서도 고려해야 하는가?"
"제89조. 공익적 기록보존 목적, 과학적 또는 역사적 연구 목적, 또는 
통계적 목적을 위한 처리와 관련한 안전조치 및 적용의 일부 제외"," 공익적 기록보존 목적, 과학적 또는 역사적 연구 목적, 또는 통계적 목적을 위한 처리는 정보주체의 권리 및 자유를 위해 본 규정에 따라 적정한 안전조치가 적용되어야 한다. 그러한 안전조치는 특히 데이터 최소화 원칙이 준수되도록 기술 및 관리적 조치를 이행해야 한다. 그러한 조치에는 가명처리 방식으로 그러한 목적들을 달성할 수 있다면 가명처리가 포함될 수 있다. 정보주체의 식별을 허용하지 않거나 더 이상 허용하지 않는 추가 처리를 통해 그러한 목적들을 달성될 수 있는 경우에는 그러한 방식으로 달성되어야 한다."
"제89조. 공익적 기록보존 목적, 과학적 또는 역사적 연구 목적, 또는 
통계적 목적을 위한 처리와 관련한 안전조치 및 적용의 일부 제외","개인정보가 과학적 또는 역사적 연구 목적이나 통계적 목적으로 처리되는 경우, 유럽연합 또는 회원국 법률은 본 조 제1항의 조건 및 안전조치에 따라 제15조, 제16조, 제18조 및 제21조에 규정된 권리의 적용을 일부 제외할 수 있다. 단, 그러한 권리가 그러한 특정 목적의 달성을 불가능하게 하거나 중대하게 손상시킬 것으로 예상되고, 그러한 목적을 달성하기 위하여 적용의 일부 제외가 필요한 것이어야 한다."
"제89조. 공익적 기록보존 목적, 과학적 또는 역사적 연구 목적, 또는 
통계적 목적을 위한 처리와 관련한 안전조치 및 적용의 일부 제외","제2항 및 제3항에 명시된 정보처리가 동시에 다른 목적으로 이루어지는 경우, 적용의 일부 제외는 해당 호에 명시된 목적을 가진 데이터 처리에만 적용되어야 한다."
제6조(인공지능시스템의 고위험 분류규칙),6.4 비고위험으로 판단한 제공자의 평가 기록 및 등록 의무
제9조(위험관리시스템),9.2 위험관리시스템의 4단계 구성 요소
제10조(데이터 및 데이터 거버넌스),10.1 고위험 AI 시스템의 훈련·검증·시험 데이터셋 품질기준 충족 의무
제10조(데이터 및 데이터 거버넌스),10.2 8가지 데이터 거버넌스 관행 적용 의무
제10조(데이터 및 데이터 거버넌스),"10.3 데이터셋의 관련성, 대표성, 오류 최소화, 완전성, 적절한 통계적 특성 보장 의무"
제10조(데이터 및 데이터 거버넌스),10.4 AI 시스템 사용 환경의 지리적·상황적·행태적·기능적 특성을 데이터셋에 반영 의무
제10조(데이터 및 데이터 거버넌스),10.5 편향성 탐지·보정을 위한 특별범주 개인데이터 처리 시 6가지 조건 준수 의무 
제10조(데이터 및 데이터 거버넌스),10.6 비학습 고위험 AI 시스템의 경우 데이터 거버넌스 요구사항을 시험 데이터셋에만 적용
제12조(기록 관리),12.1 고위험 AI 시스템의 생명주기 동안 사건 자동 기록(로그) 기능 구현 의무
제12조(기록 관리),12.2 고위험 AI 시스템의 추적성 확보를 위한 3가지 사건 로깅 기능 의무
제12조(기록 관리),12.3 고위험 AI 시스템의 4가지 필수 로깅 요소
제14조(인적 감독),"14.4 인적 감독자의 5가지 역할 (시스템 이해·모니터링, 자동화 편향 인식, 산출물 해석, 사용 중단 결정, 시스템 개입·중단)"
"제15조(정확성, 견고성 및 사이버보안)","15.4 오류·결함·불일치에 대한 복원력, 기술적·조직적 조치, 백업·실패대비계획, 피드백 루프 완화 의무"
"제15조(정확성, 견고성 및 사이버보안)","15.5 무권한 제3자 공격에 대한 복원력, 데이터 오염·모델 오염·적대적 예제·기밀성 공격·모델 결함 대응 조치"
제16조(고위험 인공지능 시스템 제공자의 의무),16.1 고위험 AI 시스템 제공자의 12가지 의무사항
제18조(문서 보관),18.3 금융기관 제공자의 금융서비스법 문서와 기술문서 통합 보관
제19조(자동 생성 로그),19.1 제공자의 AI 시스템 자동 생성 로그 보관 의무
제19조(자동 생성 로그),19.2 금융기관 제공자의 금융서비스법 문서와 AI 시스템 로그 통합 보관
제20조(시정조치 및 정보 의무),20.1 제공자의 규정 미준수 판단시 즉시 시정조치 의무 및 관련 당사자 통지
제20조(시정조치 및 정보 의무),20.2 위험 발생시 배포자와 협력한 원인 조사 및 시장감시기관·인증기관 통지 의무
제21조(관할기관과의 협력),21.1 적합성 증명을 위한 모든 정보 및 문서 제공 의무
제21조(관할기관과의 협력),21.2 관할기관의 합리적 요청시 제공자 관리 범위 내 자동 생성 로그 접근 제공 의무
제26조(고위험 인공지능 시스템 배포자의 의무),26.4 배포자 관리 범위 내 입력 데이터의 관련성 및 충분한 대표성 보장 의무
제26조(고위험 인공지능 시스템 배포자의 의무),"26.5 사용설명서 기반 시스템 운용 모니터링, 위험 발생시 제공자·당국 통지 및 사용 중단, 중대사건 보고 의무"
제26조(고위험 인공지능 시스템 배포자의 의무),26.6 배포자 관리 범위 내 자동 생성 로그의 적절한 기간 또는 최소 6개월 보관 의무
제43조(적합성평가),43.4 실질적 수정시 재평가
제51조(범용 인공지능 모델의 시스템적 위험이 있는 범용 인공지능 모델로의 분류),51.2 고영향력 추정 기준(훈련에 사용되는 누적 계산량이 10보다 클 때)
제53조(범용 인공지능 모델 제공자의 의무),53.1 제공자의 4가지 의무
제55조(시스템적 위험이 있는 범용 인공지능 모델 제공자의 의무),55.1 제공자의 4가지 추가 의무
제59조(인공지능 규제 샌드박스에서 공익을 위한 특정 인공지능 시스템 개발을 위한 개인데이터의 추가 처리),59.1 공익 목적 개인데이터 처리 조건
제60조(인공지능 규제 샌드박스 외부의 실제 조건에서 고위험 인공지능 시스템 시험),60.5 동의 철회 및 데이터 삭제
제72조(제공자의 시판 후 모니터링 및 고위험 인공지능 시스템에 대한 시판 후 모니터링 계획),72.2 데이터 수집·분석 및 지속적 준수 평가
제74조(유럽연합 시장에서 인공지능 시스템의 시장 감시 및 통제),74.12 문서·데이터 접근권
제74조(유럽연합 시장에서 인공지능 시스템의 시장 감시 및 통제),74.13 소스코드 접근 조건
제77조(기본권 보호 기관의 권한),77.1 문서 접근 권한
GOVERN 1.5,위험 관리 프로세스와 그 결과는 지속적으로 모니터링·정기 검토되어야 하며 역할·책임이 명확해야 함(검토 주기 포함)
GOVERN 1.6,"AI 시스템을 식별·목록화하고, 조직의 위험 우선순위에 따라 자원을 배분할 수 있는 메커니즘이 마련되어야 함"
GOVERN 1.7,"AI 시스템을 안전하게 서비스 종료(phase-out)하거나 해체(decommission)할 수 있는 절차와 프로세스가 마련되어야 하며, 이는 새로운 위험을 증가시키거나 신뢰성을 저하시켜서는 안됨"
GOVERN 4.2,조직 팀은 설계·개발·배포·운영하는 AI의 위험과 잠재적 영향을 문서화하고 폭넓게 공유해야 함 
MEASURE 1.1,"MAP 기능에서 나열된 AI 위험을 측정하기 위한 접근 방식과 지표가 선택되어야 하며, 가장 중요한 위험부터 시작해야 함. 측정할 수 없거나 측정하지 않는 위험은 적절히 문서화되어야 함."
MEASURE 1.2,AI 지표의 적절성과 기존 통제의 효과성은 오류 보고 및 영향을 받는 공동체에 대한 영향 평가를 포함하여 정기적으로 평가·갱신된다.
MEASURE 2.2,"사람을 대상으로 하는 평가가 있을 경우, 관련 요구사항(인간 대상 보호 포함)을 충족하고 관련 모집단을 대표해야 한다."
MEASURE 2.3,"AI 시스템 성능이나 보증 기준은 정성적·정량적으로 측정·시연되어야 함. 배포 조건과 유사한 환경에서 검증되어야 하며, 결과가 문서화되어야 함"
MEASURE 2.4,MAP 기능에서 확인된 AI 시스템 및 구성요소의 기능과 동작은 운영 환경에서 모니터링되어야 함 
MEASURE 2.5,배포될 AI 시스템은 유효하고 신뢰할 수 있음이 입증되어야 함. 기술이 개발된 조건을 넘어서는 일반화의 한계는 문서화되어야 함 
MEASURE 2.6,"MAP 기능에서 확인된 안전 위험에 대해 AI 시스템은 정기적으로 평가되어야 함. 배포될 시스템은 안전성이 입증되어야 하고, 잔여 위험은 위험 허용 수준을 넘지 않아야 하며, 특히 지식 한계를 벗어나 작동할 경우 안전하게 실패할 수 있어야 함. 안전 지표에는 신뢰성·강건성, 실시간 모니터링, AI 시스템 실패 대응 시간이 반영되어야 함 "
MEASURE 2.8,MAP 기능에서 확인된 투명성과 책임성과 관련된 위험이 검토·문서화되어야 함 
MEASURE 2.10,MAP 기능에서 확인된 AI 시스템의 프라이버시 위험이 검토·문서화되어야 함 
MEASURE 2.11,MAP 기능에서 확인된 공정성과 편향이 평가되고 결과가 문서화되어야 함 
MEASURE 2.13,사용된 TEVV 지표와 프로세스의 효과성이 평가·문서화되어야 함
MEASURE 4.3,관련 AI 행위자(영향을 받는 커뮤니티 포함)와의 협의 및 현장 데이터에 기반해 맥락 관련 위험과 신뢰성 특성에서 측정 가능한 성능 향상이나 저하가 식별되고 문서화되어야 함 
MANAGE 2.4 ,"의도된 사용과 일치하지 않는 성능이나 결과를 보이는 AI 시스템을 대체·분리·비활성화하기 위한 메커니즘이 마련·적용되어야 하며, 역할과 책임도 할당·이해되어야 함 "
MANAGE 3.2,개발에 사용되는 사전 학습된 모델은 AI 시스템의 정기적 모니터링 및 유지 관리의 일부로 모니터링되어야 함
MANAGE 4.1,"배포 이후 AI 시스템 모니터링 계획이 실행되어야 하며, 여기에는 사용자 및 관련 AI 행위자로부터 입력을 수집·평가하는 메커니즘, 이의 제기 및 무효화, 시스템 폐기, 사고 대응, 복구, 변경 관리가 포함되어야 함 "
MANAGE 4.2,"지속적 개선을 위한 측정 가능한 활동은 AI 시스템 업데이트에 통합되어야 하며, 관련 AI 행위자를 포함한 이해관계자와의 정기적 협력을 포함해야 함 "
8.1 운영 기획 및 통제,요구사항 충족 및 6장의 조치를 실행하기 위한 프로세스를 기획·구현·통제해야 한다.
8.2 AI 위험 평가,계획된 간격 또는 주요 변경 시 위험 평가를 수행해야 한다.
8.3 AI 위험 처리,위험 처리 계획을 실행·검증하고 필요시 재검토해야 한다.
8.4 AI 시스템 영향 평가,계획된 간격 또는 주요 변경 시 영향 평가를 수행해야 한다.
10.1 지속적 개선,적합성·충분성·효과성을 지속 개선해야 한다.
10.2 부적합 및 시정조치,부적합 발생 시 대응·원인 분석·시정조치·효과 검토를 수행해야 한다.
A.4.3 데이터 자원,AI 데이터 자원을 문서화해야 한다.
A.6.2.8 이벤트 로그 기록,AI 시스템 운영 시 최소한 이벤트 로그를 기록해야 한다.
A.7.5 데이터 출처,데이터 출처를 기록해야 한다.
7.5.3 문서화된 정보의 관리,"ISMS 및 본 문서가 요구하는 문서화된 정보는 사용 시 적합성과 가용성을 보장하고, 손실·부적절 사용·무결성 손실로부터 보호되어야 한다. 조직은 배포·접근·검색·사용, 보관 및 가독성 유지, 변경 관리(버전 관리), 보존 및 폐기 등을 수행해야 한다. 외부 문서도 필요한 경우 식별·관리해야 한다."
7.5.3 문서화된 정보의 관리,※ 접근은 단순 열람 권한부터 수정 권한까지 포함될 수 있다.
8.2 정보보안 위험 평가,"조직은 계획된 간격마다 또는 중대한 변경이 제안·발생할 때 정보보안 위험 평가를 수행해야 하며, 6.1.2에서 설정된 기준을 고려해야 한다. 결과는 문서화된 정보로 유지해야 한다."
8.3 정보보안 위험 처리,"조직은 정보보안 위험 처리 계획을 이행해야 하며, 결과를 문서화된 정보로 유지해야 한다."
10.1 지속적 개선,조직은 ISMS의 적합성·충분성·효과성을 지속적으로 개선해야 한다.
10.2 부적합 및 시정조치,"부적합 발생 시 조직은: a) 부적합에 대응(통제·수정, 결과 처리), b) 원인 제거 조치 필요성 평가(부적합 검토, 원인 규명, 유사 사례 확인), c) 필요한 조치 시행, d) 조치 효과 검토, e) 필요 시 ISMS 변경. 시정조치는 부적합 영향에 적절해야 한다. 부적합 및 후속 조치, 시정조치 결과는 문서화된 정보로 유지해야 한다."
5.9 정보 및 관련 자산 목록,소유자 포함 정보 및 관련 자산의 목록을 개발·유지해야 한다.
5.12 정보 분류,"정보는 기밀성, 무결성, 가용성 및 이해관계자 요구를 기반으로 분류되어야 한다."
5.13 정보 라벨링,조직이 채택한 정보 분류 체계에 따라 적절한 정보 라벨링 절차를 개발·이행해야 한다.
5.14 정보 전송,조직 내부 및 외부와의 모든 정보 전송에 대해 규칙·절차·계약을 마련해야 한다.
5.15 접근 통제,비즈니스 및 정보보안 요구에 따라 물리적·논리적 접근 통제 규칙을 수립·이행해야 한다.
5.18 접근 권한,"정보 및 관련 자산에 대한 접근 권한은 조직의 정책·규칙에 따라 부여, 검토, 변경 및 제거되어야 한다."
5.23 클라우드 서비스 이용 시 정보보안,클라우드 서비스 획득·이용·관리·종료에 대한 프로세스를 조직의 정보보안 요구에 따라 수립해야 한다.
5.33 기록 보호,기록은 손실·파괴·위조·무단 접근·무단 공개로부터 보호되어야 한다.
5.34 개인정보 및 PII 보호,조직은 개인정보 및 PII 보호와 관련된 법규·계약 요구를 식별하고 이를 충족해야 한다.
8.2 특권 접근 권한,특권 접근 권한의 할당·사용은 제한·관리되어야 한다.
8.4 소스코드 접근,"소스코드, 개발 도구, 소프트웨어 라이브러리에 대한 접근은 적절히 관리되어야 한다."
8.10 정보 삭제,불필요해진 정보는 시스템·장비·매체에서 삭제되어야 한다.
8.11 데이터 마스킹,데이터 마스킹은 정책·요건·법규에 따라 사용되어야 한다.
8.12 데이터 유출 방지,민감 정보를 처리·저장·전송하는 시스템·네트워크·장치에는 유출 방지 조치를 적용해야 한다.
8.150 로깅,활동·예외·오류·이벤트를 기록하는 로그는 생성·저장·보호·분석되어야 한다.
08-16-00,네트워크·시스템·애플리케이션은 이상 행위를 모니터링하고 잠재적 사고를 평가하기 위한 적절한 조치를 취해야 한다.
8.20 네트워크 보안,네트워크 및 장치는 정보 보호를 위해 보안·관리·통제되어야 한다.
8.21 네트워크 서비스 보안,네트워크 서비스의 보안 메커니즘·서비스 수준·요구사항은 식별·이행·모니터링되어야 한다.
8.24 암호화 사용,암호화 및 키 관리 사용 규칙은 정의·이행되어야 한다.
8.31 개발·테스트·운영 환경 분리,"개발, 테스트, 운영 환경은 분리·보호되어야 한다."
8.33 테스트 정보,테스트 정보는 적절히 선택·보호·관리되어야 한다.
8.1.1 자산 목록,"정보 및 정보 처리 시설과 관련된 자산을 식별하고, 해당 자산의 목록을 작성하여 관리해야 한다."
8.2.2 정보 라벨링,조직이 채택한 정보 분류 체계에 따라 정보 라벨링 절차를 수립하고 이행해야 한다.
9.1.2 네트워크 및 네트워크 서비스 접근,사용자는 명시적으로 승인된 경우에만 네트워크 및 네트워크 서비스에 접근할 수 있어야 한다.
9.2.4 사용자 비밀 인증정보 관리,비밀 인증정보의 할당은 공식적인 관리 프로세스를 통해 통제되어야 한다.
9.4.1 정보 접근 제한,정보와 애플리케이션 시스템 기능에 대한 접근은 접근 통제 정책에 따라 제한되어야 한다.
10.1.1 암호화 통제 사용 정책,정보 보호를 위한 암호화 통제 사용 정책을 수립하고 이행해야 한다.
10.1.2 키 관리,"암호화 키의 사용, 보호 및 수명 주기 전반에 대한 정책을 수립하고 이행해야 한다."
11.2.7 장비의 안전한 폐기 또는 재사용,저장 매체가 포함된 모든 장비는 폐기 또는 재사용 전에 민감 데이터 및 라이선스 소프트웨어가 제거되었거나 안전하게 덮어쓰기 되었음을 확인해야 한다.
12.1.2 변경 관리,"조직, 비즈니스 프로세스, 정보 처리 시설 및 시스템에 대한 변경은 정보 보안에 영향을 미치므로 통제되어야 한다."
12.3.1 정보 백업,"합의된 백업 정책에 따라 정보, 소프트웨어 및 시스템 이미지의 백업 사본을 정기적으로 생성하고 테스트해야 한다."
12.4.1 이벤트 로깅,"사용자 활동, 예외, 오류 및 정보 보안 이벤트를 기록하는 이벤트 로그는 생성, 보관 및 정기적으로 검토되어야 한다."
12.4.3 관리자 및 운영자 로그,"시스템 관리자 및 운영자의 활동은 기록되고, 로그는 보호 및 정기적으로 검토되어야 한다."
13.1.3 네트워크 분리,"정보 서비스, 사용자 및 정보 시스템 그룹은 네트워크 상에서 분리되어야 한다."
16.1.7 증거 수집,"증거로 활용될 수 있는 정보의 식별, 수집, 확보 및 보존을 위한 절차를 정의하고 적용해야 한다."
18.1.3 기록 보호,"기록은 손실, 파괴, 위조, 무단 접근 및 무단 공개로부터 보호되어야 하며, 법규·규제·계약 및 비즈니스 요건을 준수해야 한다."
18.1.5 암호화 통제 규제,"암호화 통제는 모든 관련 계약, 법규 및 규제를 준수하여 사용되어야 한다."
CLD.8.1.5 클라우드 서비스 고객 자산 제거,"클라우드 서비스 제공자의 시설에 있는 클라우드 고객의 자산은 서비스 종료 시 신속히 제거되고, 필요한 경우 반환되어야 한다."
CLD.9.5.1 가상 컴퓨팅 환경 분리,클라우드 서비스 고객의 가상 환경은 다른 클라우드 고객 및 무단 사용자로부터 보호되어야 한다.
CLD.12.4.5 클라우드 서비스 모니터링,클라우드 서비스 고객은 자신이 사용하는 클라우드 서비스 운영의 특정 측면을 모니터링할 수 있는 기능을 보유해야 한다.
CLD.13.1.4 가상 및 물리 네트워크 보안 관리 정합성,"가상 네트워크 구성 시, 가상 및 물리 네트워크 간 구성의 일관성은 클라우드 서비스 제공자의 네트워크 보안 정책에 기반해 검증되어야 한다."
5.4.1.2 (6.1.2) 정보보호 위험 평가,"조직은 개인정보보호 관리체계의 범위 내에서 기밀성, 무결성 및 가용성 손실과 관련된 위험을 식별하기 위해 정보보호 위험 평가 프로세스를 적용해야 함. 또한 개인정보보호 관리체계 범위 내에서 개인식별정보(PII) 처리와 관련된 위험을 식별하기 위해 프라이버시 위험 평가 프로세스를 적용해야 함. 조직은 위험 평가 과정 전반에서 정보보호와 PII 보호 간의 관계가 적절히 관리되도록 보장해야 함.
※ 조직은 통합된 정보보호·프라이버시 위험 평가 프로세스를 적용할 수도 있고, 별도의 프로세스를 각각 적용할 수도 있음.
조직은 ISO/IEC 27001:2013, 6.1.2 c)에서 정의된 위험이 실제로 발생할 경우 조직과 PII 주체 모두에게 미칠 잠재적 결과를 평가해야 함."
6.5.2.1 정보 분류,"조직의 정보 분류 체계는 반드시 PII(개인식별정보)를 명시적으로 포함해야 함.
PII를 전체 분류 체계 안에서 고려하는 것은, 조직이 처리하는 PII의 종류와 특수 범주, 해당 PII가 어디에 저장되어 있는지, 그리고 어떤 시스템을 통해 흐르는지를 이해하는 데 핵심적임."
6.6.2.1 사용자 등록 및 해지,"PII를 처리하는 시스템과 서비스를 관리·운영하는 사용자의 등록 및 해지 절차에는, 비밀번호 손상·유출이나 사용자 등록 데이터의 손상·노출로 인해 사용자 접근통제가 침해되는 상황을 포함해야 함. 조직은 PII를 처리하는 시스템과 서비스에 대해 비활성화되거나 만료된 사용자 ID를 다시 발급해서는 안됨. 조직이 PII 처리 서비스를 제공하는 경우, 사용자 ID 관리의 일부 또는 전부는 고객이 책임질 수 있으며, 이러한 경우 반드시 문서화된 정보에 포함해야 함. 또한 일부 관할권에서는 PII 처리 시스템과 관련된 미사용 인증 자격 증명의 점검 주기를 명시적으로 요구함. 해당 지역에서 운영하는 조직은 이러한 요구사항을 반드시 준수해야 함."
6.6.2.2 사용자 접근 권한 부여,"조직은 정보시스템과 그 안에 포함된 PII에 접근 권한이 부여된 사용자에 대해, 정확하고 최신의 사용자 프로필 기록을 유지해야 함. 이 프로필에는 사용자 ID를 포함하여, 승인된 접근을 보장하기 위해 필요한 기술적 통제를 구현하는 데 필요한 데이터가 포함됨. 개별 사용자 접근 ID를 구현하면, 적절히 구성된 시스템이 누가 PII에 접근했는지, 그리고 추가·삭제·변경을 어떤 작업을 했는지 식별할 수 있음. 이것은 조직을 보호할 뿐만 아니라, 사용자가 자신이 처리한 것과 처리하지 않은 것을 구분할 수 있게 해 사용자를 보호함. 조직이 PII 처리 서비스를 제공하는 경우, 고객이 접근 관리의 일부 또는 전부를 책임질 수 있음. 이 경우 조직은 고객에게 접근 관리 수행 수단(예: 접근 관리·종료 권한을 제공하는 관리자 권한)을 제공해야 하며, 이러한 사항은 반드시 문서화해야 함."
6.7.1.1 암호화 통제 사용에 관한 정책,"일부 관할 지역에서는 건강정보, 주민등록번호, 여권번호, 운전면허번호 등 특정 유형의 PII를 보호하기 위해 암호화 사용을 의무화할 수 있음. 조직은 자신이 처리하는 PII를 보호하기 위해 어떤 상황에서 암호화를 사용하는지 고객에게 정보를 제공해야 함. 또한 고객이 자체적으로 암호화 보호를 적용할 수 있도록 지원하는 기능이 있을 경우, 이에 대한 정보도 고객에게 제공해야 함."
6.8.2.7 장비의 안전한 폐기 또는 재사용,"조직은 저장 공간이 재할당될 때, 그 저장 공간에 이전에 존재하던 PII가 접근되지 않도록 보장해야 함. 정보시스템에 저장된 PII를 삭제할 때, 성능 문제로 인해 해당 PII를 명시적으로 완전히 삭제하는 것이 비현실적인 경우가 있을 수 있음. 이 경우, 다른 사용자가 해당 PII에 접근할 수 있는 위험이 발생하며, 이를 방지하기 위해 특정 기술적 조치가 필요함. 또한 보안 폐기나 재사용을 위해, PII를 포함할 수 있는 저장 매체가 있는 장비는 실제로 PII가 포함되어 있는 것처럼 취급해야 함."
6.9.4.1 이벤트 로깅,"조직은 이벤트 로그를 검토하는 프로세스를 마련해야 하며, 이는 지속적이고 자동화된 모니터링·알림 시스템을 통해 수행하거나, 그렇지 못할 경우 문서화된 주기에 따라 수동으로 검토해야 함. 목적은 이상 행위 식별 및 대응 방안 제안임.

가능하다면 이벤트 로그에는 PII 접근이 기록되어야 하며, 다음이 포함되어야 함:
- 누가(by whom)
- 언제(when)
- 어떤 정보주체(PII principal)의 PII에 접근했는지
- 어떤 변화(추가, 수정, 삭제)가 있었는지

여러 서비스 제공자가 관련 서비스 제공에 관여하는 경우, 이 지침을 이행하는 역할이 다양하거나 공유될 수 있으며, 이 역할은 문서화되고, 로그 접근에 관한 합의도 포함되어야 함.

PII processor에 대한 구현 가이드:
- 로그 정보를 고객에게 언제, 어떻게 제공할지에 대한 기준을 정의하고 고객에게 제공해야 함.
- 조직이 고객에게 로그 접근 권한을 허용하는 경우, 고객은 자신의 활동 관련 로그만 접근 가능해야 함.
- 다른 고객의 로그에 접근하거나 로그를 수정할 수 없어야 함."
6.9.4.2 로그 정보 보호,"보안 모니터링 및 운영 진단 등을 위해 기록되는 로그 정보에는 PII(개인식별정보)가 포함될 수 있음. 따라서 로그 정보가 의도된 목적 외에는 사용되지 않도록 접근통제(ISO/IEC 27002:2013, 9.2.3 참조) 같은 조치를 마련해야 함. 또한 로그 정보는 보존 일정에 따라 삭제 또는 비식별화되도록, 가능하다면 자동화된 절차를 마련해야 함."
6.11.1.2 공용 네트워크에서의 애플리케이션 서비스 보호,"조직은 신뢰할 수 없는 데이터 전송 네트워크를 통해 PII(개인식별정보)가 전송될 경우, 반드시 암호화된 상태로 전송되도록 보장해야 함. 신뢰할 수 없는 네트워크에는 공용 인터넷이나 조직의 운영 통제 범위 밖에 있는 기타 네트워크가 포함됨."
6.11.3.1 테스트 데이터 보호,"PII(개인식별정보)는 테스트 목적으로 사용되어서는 안 되며, 그 대신 가짜 또는 합성(synthetic) PII를 사용해야 함. 테스트에서 PII 사용이 불가피한 경우, 운영 환경과 동일한 수준의 기술적·관리적 보호조치를 적용해 위험을 최소화해야 함. 만약 동일한 조치가 불가능하다면, 반드시 위험 평가를 수행하고 그 결과를 토대로 적절한 보완 통제를 선정해야 함."
6.13.1.5 정보보호 사고 대응 /Controller,"PII가 포함된 event가 발생하면, 조직은 정보보안 사고 관리 프로세스의 일환으로 해당 event가 대응이 필요한 PII 침해에 해당하는지를 검토해야 함. 단순한 이벤트가 반드시 이러한 검토를 촉발하는 것은 아님.

정보보안 이벤트는 반드시 PII 또는 조직의 PII 저장 장비/시설에 대한 무단 접근이나 그 높은 가능성을 의미하지는 않음. 여기에 포함될 수 있는 것은 방화벽이나 엣지 서버에 대한 ping, 브로드캐스트 공격, 포트 스캔, 로그인 실패 시도, 서비스 거부(DoS) 공격, 패킷 스니핑 등이 있음.

PII 침해가 발생했을 경우, 대응 절차에는 관련된 통지와 기록이 포함되어야 함. 일부 관할구역에서는 침해가 발생했을 때 감독 당국(supervisory authority)과 PII 정보주체에게 이를 통지해야 하는 경우를 정의하고 있음. 이러한 통지는 명확해야 하며, 요구될 수 있음.

통지에는 다음이 포함될 수 있음:
- 추가 정보를 얻을 수 있는 연락처
- 침해의 내용과 그로 인한 가능한 결과 설명
- 사건에 관련된 개인 수 및 관련 기록 수를 포함한 침해의 설명
- 취해진 또는 계획된 조치

PII 침해가 발생했을 경우, 규제적·포렌식 목적의 보고를 위해 충분한 정보가 담긴 기록이 유지되어야 함. 기록에는 예를 들어 다음이 포함되어야 함:
- 사건 설명
- 사건 기간
- 사건의 결과
- 보고자 이름
- 보고를 받은 사람
- 사건 해결을 위해 취해진 조치(담당자와 복구된 데이터 포함)
- 사건이 PII의 불가용성, 손실, 공개, 변조를 초래했음을 나타내는 사실

침해 이후 기록에는 침해된 PII의 설명, 수행된 통지, 정보주체·규제 기관·고객에게 통지하기 위해 취해진 조치가 포함되어야 함."
6.15.2.3 기술적 컴플라이언스 검토,"조직은 보안 정책 및 표준 준수 여부에 대한 기술적 검토의 일환으로, PII 처리와 관련된 도구와 구성요소를 검토하는 방법을 포함해야 함.
예를 들어 다음을 포함할 수 있음:
- 지속적 모니터링을 통해 허용된 처리만 수행되고 있는지 확인
- 특정 침투 테스트나 취약점 테스트 수행 (예: 비식별화된 데이터셋을 “침입자 테스트”에 적용하여, 비식별화 방법이 조직의 요구사항을 충족하는지 검증)"
7.2.5 프라이버시 영향평가(PIA),"조직은 새로운 PII 처리나 기존 처리 변경이 계획될 때마다, 개인정보 영향 평가(PIA)의 필요성을 검토하고 적절히 수행해야 함. PII 처리는 정보주체에게 위험을 발생시키며, 이러한 위험은 PIA를 통해 평가되어야 함. 

일부 관할권에서는 PIA를 반드시 수행해야 하는 상황을 규정하고 있으며, 그 기준에는 다음이 포함될 수 있음:
- 법적 효과를 발생시키는 자동화된 의사결정
- 대규모 민감정보 처리 (예: 건강, 인종·민족, 정치적 의견, 종교·철학적 신념, 노동조합 가입, 유전자·생체정보 등)
- 대규모 공공장소 모니터링

조직은 PIA 수행에 필요한 요소를 결정해야 하며, 여기에는 처리되는 PII의 유형 목록, 저장 위치, 전송 위치가 포함될 수 있음. 또한 데이터 흐름도와 데이터 맵은 이 맥락에서 유용하게 활용될 수 있음(7.2.8 참조)."
7.2.8 PII 처리 관련 기록,"조직은 PII 처리와 관련된 의무를 이행하기 위해 필요한 기록을 결정하고 안전하게 보존해야 함. PII 처리 기록을 유지하는 방법의 하나는 조직이 수행하는 PII 처리 활동에 대한 목록 또는 인벤토리를 보관하는 것임.

이 인벤토리에는 다음과 같은 항목이 포함될 수 있음:
- 처리의 유형
- 처리 목적
- PII 및 PII 정보주체(예: 아동)의 범주 설명
- PII가 공개되었거나 공개될 수 있는 수신자 범주(제3국이나 국제기구 수신자 포함)
- 기술적·조직적 보안 조치의 일반 설명
- 개인정보 영향평가(PIA) 보고서

또한, 이 인벤토리에는 정확성과 완전성을 보장할 책임자(owner)가 있어야 함."
7.3.1 PII 정보주체에 대한 의무 식별 및 이행,"조직은 PII 정보주체의 PII 처리와 관련된 법적, 규제적, 비즈니스적 의무를 결정하고 문서화하며, 이를 이행할 수 있는 수단을 제공해야 함. 이러한 의무와 수단은 관할권마다 다를 수 있으므로, 조직은 이를 정보주체가 쉽게 접근 가능하고 적시에 이용할 수 있도록 보장해야 함. 또한, 조직은 자신들의 의무가 어느 범위까지, 어떤 방식으로 이행되는지를 명확히 문서화해 정보주체에게 제공해야 함. 이와 함께 정보주체가 요청을 제기할 수 있는 최신의 연락 창구를 제공해야 하며, 이는 PII 수집 또는 동의 획득 방식(예: 이메일, 웹사이트)과 동일해야 함."
7.3.6 접근·정정·삭제 제공,"조직은 PII 정보주체가 자신의 PII에 대해 접근·정정·삭제를 요청할 수 있도록 정책, 절차 및/또는 메커니즘을 구현해야 함. 조직은 요청을 받은 경우 부당한 지연 없이 처리해야 하며, 응답 시간을 정의하고 이에 따라 요청을 처리해야 함. 정정·삭제는 시스템 전반 및 승인된 사용자에게 반영되어야 하며, PII가 전달된 제3자에게도 전파되어야 함(7.3.7 참조). 또한, 데이터 정확성이나 정정 여부에 대한 분쟁이 발생할 경우를 위한 정책·절차도 마련해야 함. 정정이 불가능한 경우에는 그 이유를 정보주체에게 고지해야 함. 일부 관할권은 접근·정정·삭제 요청의 시기와 방법에 제한을 두므로, 조직은 이를 파악하고 최신 상태로 유지해야 함."
7.3.8 처리된 PII 사본 제공,"조직은 정보주체(PII Principal)가 요청할 경우, 그 사람의 PII 사본을 제공할 수 있어야 함. 제공되는 사본은 구조화된 형식(예: CSV, JSON 등)으로, 일반적으로 많이 쓰이고 정보주체가 접근 가능한 형태여야 함. 일부 국가에서는, 제공되는 사본이 이식성(Portability)을 보장해야 한다고 규정함. 즉, 정보주체 본인이나 다른 컨트롤러(조직)에게 기계가 읽을 수 있는 형식으로 바로 이전할 수 있어야 한다는 의미임. 제공하는 사본은 반드시 해당 정보주체와 직접 관련된 데이터여야 함. 만약 요청된 데이터가 이미 보존·삭제 정책에 따라 삭제된 경우, 컨트롤러는 정보주체에게 “이미 삭제되었다”는 사실을 알려야 함. 데이터가 이미 비식별화되어 더 이상 개인을 특정할 수 없다면, 이 규정을 이행하기 위해 억지로 재식별을 시도해서는 안됨. 다만, 일부 국가에서는 정당한 요청 시 정보주체로부터 추가 정보를 받아 재식별을 허용하기도 함. 기술적으로 가능하다면, 정보주체 요청에 따라 조직 간 데이터 직접 전송(A사 → B사)도 가능해야 함."
7.4.3 정확성과 품질 보장,"조직은 PII가 처리 목적에 필요한 만큼 정확하고, 완전하며, 최신 상태로 유지되도록 보장하고 이를 문서화해야 함. 이는 PII의 전체 생명주기(lifecycle) 동안 적용되어야 함. 조직은 자신이 처리하는 PII의 부정확성을 최소화하기 위한 정책, 절차, 메커니즘을 구현해야 함. 또한 부정확한 PII가 발견될 경우 이를 대응·수정하기 위한 정책, 절차, 메커니즘도 마련해야 함. 이러한 정책·절차·메커니즘은 반드시 문서화된 정보(예: 시스템 기술 설정 등)로 포함되어야 하며, PII 생명주기 전체에 걸쳐 적용되어야 함."
7.4.5 처리 종료 시 PII 비식별화 및 삭제,"조직은 수집 목적에 더 이상 필요하지 않은 PII에 대해서는 지체 없이:

- 삭제하거나,
- 식별 또는 재식별이 불가능한 형태로 변환해야 함.

조직은 더 이상 PII 처리가 예상되지 않을 경우, 이를 삭제할 수 있는 메커니즘을 갖추어야 함. 또는, 일부 비식별화 기법을 적용할 수 있는데, 이 경우에도 결과 데이터가 합리적으로 재식별될 수 없는 수준이어야 함."
7.4.6 임시 파일,"조직은 PII 처리 과정에서 생성된 임시 파일이 문서화된 절차에 따라, 정해진 기간 내에 폐기(삭제 또는 파기)되도록 보장해야 함. 조직은 사용되지 않는 임시 파일이 정의된 기간 내에 삭제되었는지 정기적으로 점검해야 함. 

정보시스템은 정상적인 동작 과정에서 임시 파일을 생성할 수 있는데, 예를 들어:
- 파일 시스템 롤백 저널(journal)
- 데이터베이스 업데이트 시 생성되는 임시 파일
- 애플리케이션 소프트웨어 실행 시 생성되는 임시 파일

임시 파일은 해당 작업이 완료되면 더 이상 필요하지 않지만, 어떤 경우에는 바로 삭제되지 못할 수도 있음. 이 파일들이 사용되는 기간은 항상 결정적이지 않으므로, “가비지 컬렉션(garbage collection)” 절차를 통해 해당 파일을 식별하고 마지막 사용 시점을 기준으로 유지 기간을 결정해야 함."
7.4.7 보존 기간,"조직은 처리 목적에 필요한 기간을 초과하여 PII를 보관해서는 안 됨. 조직은 보관하는 정보에 대해 보관 기간(retention schedule)을 수립·유지해야 하며, 여기에는 “PII를 목적에 필요한 기간 이상 보관하지 않는다”는 원칙이 반영되어야 함. 보관 기간은 법적, 규제적, 비즈니스 요구사항을 모두 고려해야 함. 만약 이러한 요구사항이 서로 충돌한다면, 조직은 위험 평가를 기반으로 한 비즈니스 결정을 내려야 하며, 해당 결정은 반드시 보관 기간 문서에 기록되어야 함."
7.4.9 PII 전송 통제,"조직은 데이터 전송 네트워크를 통해 전송되는 PII(예: 다른 조직으로 전송되는 경우)에 대해, 데이터가 의도된 수신자에게 안전하게 도달하도록 적절한 통제를 적용해야 함.

PII 전송은 반드시 통제되어야 하며, 이를 위해 일반적으로 다음이 요구됨:
- 전송 시스템에 인가된 사용자만 접근 가능하도록 보장,
- 적절한 절차 준수(예: 감사 로그 유지)를 통해,
- PII가 손상되거나 유출되지 않고 올바른 수신자에게 전송되도록 보장."
8.2.2 조직의 목적,"조직은 고객을 대신하여 처리되는 PII가 반드시 고객의 문서화된 지침에 명시된 목적을 위해서만 처리되도록 보장해야 함. 조직과 고객 간 계약에는, 서비스의 목표와 기간이 포함되어야 하며, 이는 이에 국한되지 않음. 고객의 목적을 달성하기 위해, 조직이 고객의 명시적 지침 없이도 기술적 이유로 PII 처리 방법을 결정하는 것이 적절할 수 있음.
예: 네트워크나 처리 용량을 효율적으로 활용하기 위해, 특정 PII 주체의 특성에 따라 특정 처리 자원을 할당하는 경우.

조직은 고객이 목적 명세 및 제한 원칙 준수 여부를 검증할 수 있도록 허용해야 함. 이를 통해 조직 또는 하청업체가 고객의 문서화된 지침 외의 다른 목적으로 PII를 처리하지 않도록 보장함."
8.3.1 PII 정보주체에 대한 의무,"조직은 고객이 PII 정보주체(PII principals)에 대한 의무를 준수할 수 있도록 수단을 제공해야 함. PII controller의 의무는 법률, 규제, 계약에 의해 정의될 수 있으며, 고객이 이러한 의무를 이행하기 위해 조직의 서비스를 활용하는 경우가 있음. 예를 들어, PII의 정정(correction)이나 삭제(deletion)을 적시에 수행하는 것이 해당됨. 고객이 정보 또는 기술적 조치를 조직에 의존해야 하는 경우, 이러한 정보나 기술적 조치가 계약에 명시되어야 함."
8.4.1 임시 파일,"조직은 PII 처리 과정에서 생성된 임시 파일이 문서화된 절차에 따라, 지정된 기간 내에 삭제 또는 파기되도록 보장해야 함. 조직은 사용되지 않는 임시 파일이 정해진 기간 내 삭제되었는지 주기적으로 검증해야 함. 정보시스템은 일반적인 운영 과정에서 임시 파일을 생성할 수 있음. 이러한 파일은 시스템이나 애플리케이션에 따라 다르지만, 예를 들어 파일 시스템 롤백 저널(file system roll-back journals), 데이터베이스 업데이트 시 생성되는 임시 파일, 기타 애플리케이션 소프트웨어의 실행 과정에서 생성되는 임시 파일 등이 포함될 수 있음. 임시 파일은 관련 정보처리 작업이 완료되면 필요하지 않지만, 일부 상황에서는 삭제되지 못할 수도 있음. 이러한 파일이 사용되는 기간은 항상 예측 가능한 것은 아니므로, “가비지 컬렉션(garbage collection)” 절차를 통해 해당 파일을 식별하고 마지막 사용 시점 이후 얼마나 시간이 흘렀는지 확인해야 함."
"8.4.2 PII 반환, 이전 또는 폐기","조직은 PII의 반환(return), 이전(transfer), 폐기(disposal)를 안전한 방식으로 수행할 수 있는 능력을 제공해야 하며, 이와 관련된 정책을 고객에게 공개해야 함. 일정 시점이 되면 PII는 반드시 어떤 형태로든 폐기되어야 함. 이 과정에는 다음이 포함될 수 있음:
- 고객에게 PII를 반환
- 다른 조직이나 PII 컨트롤러(예: 합병 결과)에게 이전
- 삭제 또는 파기
- 비식별화
- 아카이빙

PII의 반환·이전·폐기 기능은 안전한 방식으로 관리되어야 함.

조직은 고객이 계약 하에 처리된 PII가 더 이상 필요하지 않을 때, 이를 저장된 모든 위치(백업 및 비즈니스 연속성 목적 포함)에서 삭제되도록 보장할 수 있어야 함. 또한 조직은 PII 폐기와 관련된 정책을 수립·이행하고, 고객이 요청하면 이 정책을 공개해야 함. 정책은 계약 종료 후 폐기 전까지의 보존 기간(retention period)을 포함해야 하며, 이는 계약의 실수나 누락으로 인해 고객이 PII를 잃지 않도록 보호하기 위함."
8.4.3 PII 전송 통제,"조직은 데이터 전송 네트워크를 통해 전달되는 PII가 의도된 수신자에게 도달하도록 보장하기 위해 적절한 통제를 적용해야 함.

PII 전송은 다음을 통해 통제되어야 함:
- 전송 시스템에 접근할 수 있는 권한 있는 사용자만 허용
- 적절한 절차 준수 (예: 감사 로그 보존 포함)
- PII가 손상 없이 정확한 수신자에게 도달하도록 보장

이러한 전송 통제 요건은 PII 처리자와 고객 간의 계약에 포함될 수 있음. 만약 계약상 전송 관련 요구사항이 없는 경우, 전송 전에 고객으로부터 지침을 받는 것이 적절할 수 있음."
변경 사항은 사용자에게 통보됨,"애플리케이션 기능, 성능 및 서비스 약속에 영향을 미칠 수 있는 변경 사항은 릴리스 노트 또는 구독자 알림을 통해 외부 및 내부 사용자에게 전달된다."
내부 통제 검토,"조직은 Anecdotes 컴플라이언스 플랫폼을 사용하여 내부 통제를 문서화하고 그 효과를 지속적으로 모니터링한다. 내부 통제, 프로세스 및 정책의 효과성과 효율성은 최소 연 1회 경영진이 검토하며, 식별된 결함은 신속히 개선된다."
이벤트 로깅,"애플리케이션 및/또는 인프라 계층에서 다음 이벤트를 모니터링하기 위해 로깅이 활성화된다: - 로그인 시도 - 데이터 삭제 - 애플리케이션 및 시스템 오류 - 소프트웨어 및 구성 설정 변경 - 시스템 파일, 구성 파일 또는 콘텐츠 파일 변경. 로그는 IT 운영팀에서 모니터링하며, 중요한 문제는 조사 후 신속히 해결된다."
로그 접근 제한,로그 구성을 수정 및 변경할 수 있는 권한은 직무 책임에 따라 적절한 인원으로 제한된다.
시스템 모니터링,"모니터링 도구를 사용하여 인프라 가용성, 처리 용량 및 시스템 성능을 지속적으로 모니터링한다. 사전에 정의된 임계값에 도달하면 경고가 생성된다. 식별된 문제는 조사 후 신속히 해결된다."
인프라 접근 제한,"범위 내 운영 인프라(클라우드 플랫폼, 서버, 데이터베이스)에 대한 관리자 권한 접근은 직무 책임에 따라 승인된 사용자로 제한된다."
퇴직 직원의 접근 권한 철회,"범위 내 운영 시스템(애플리케이션, 데이터베이스, 서버 및 클라우드 플랫폼)에 대한 논리적 접근은 퇴직 직원의 경우 신속하게 제거된다. 회사 자산은 퇴직 절차의 일환으로 반환된다."
고객 데이터 분리,"시스템 구성요소는 고객이 다른 고객의 데이터에 접근하지 못하도록 설정되어 있으며, 각 고객이 자신의 환경에만 접근하도록 제한된다."
다중 인증(MFA) 적용,"조직의 운영 시스템(클라우드 플랫폼, 서버, 데이터베이스)에 관리자 접근 권한을 가진 사용자 계정에는 다중 인증(MFA)이 적용된다."
SDLC 내 직무 분리,"소스 코드 버전, 빌드, 배포, 개발 관리 및 내부 커뮤니케이션 도구에 대한 접근은 승인된 인원에게만 제한된다."
백업 및 복구 시험 및 모니터링,"데이터베이스의 전체 백업은 자동화된 시스템을 통해 매일 수행되며, 오프사이트 위치에 복제된다. 백업은 자동화된 시스템으로 실패 여부가 모니터링된다. 백업 복원 테스트는 매년 수행되어 백업 정보의 무결성을 확인하며, 식별된 문제는 신속히 해결된다."
암호화 키 관리,저장 및 전송 중 데이터를 보호하기 위해 사용되는 암호화 키는 조직의 암호화 정책에 따라 저장 및 관리된다. 암호화 키 접근은 승인된 인원으로 제한된다.
저장 데이터 암호화,고객 데이터는 저장 및 백업 시 강력한 암호화 기술을 사용하여 암호화된다.
전송 데이터 암호화,전송 계층 보안(TLS)은 조직의 애플리케이션 서버와 인터넷 간 송수신되는 데이터를 보호하는 데 사용된다.
데이터 유출 관리,"확인된 사고 및/또는 데이터 유출에 대한 통지는 문서화되고 해결되며, 조직의 프라이버시 및 기밀 유지 약속을 준수하기 위해 합리적인 기간 내에 영향을 받는 당사자(고객, 정보주체, 직원, 규제기관 및 기타 해당자)에게 전달된다."
사고 관리 프로세스,"보안 및 기타 서비스 약속과 관련된 사고는 기록, 추적되며 영향을 받는 당사자에게 통보된다. 사고는 신속히 해결된다. 경영진은 사고 대응 활동에서 얻은 교훈을 사고 대응 절차에 지속적으로 반영한다."
변경 관리 승인,"범위 내 시스템에 대한 변경 사항은 운영 환경과 분리된 환경에서 개발·테스트된다. 테스트는 개발 프로세스와 독립적인 인력이 수행하며, 운영 환경에 배포되기 전 검토된다."
변경 관리 프로세스,"범위 내 시스템(애플리케이션, 서버, 데이터베이스)의 코드 및 구성 변경은 계획, 설계, 테스트, 승인 및 구현을 포함하는 공식적이고 문서화된 프로세스를 따른다."
코드 변경 문서화,애플리케이션 소스 코드의 버전 관리를 유지하고 운영 환경에 변경 사항을 적용하기 위해 변경 관리 소프트웨어가 사용된다. 이 소프트웨어는 운영 소스 코드에 이루어진 모든 변경을 기록한다.
긴급 변경 프로세스,"긴급 변경은 정의된 긴급 변경 프로세스를 따른다. 긴급 변경은 운영 환경에 적용되기 전에 테스트되며, 적용 후 공식적으로 검토 및 승인된다."

